{
    "name": "root",
    "gauges": {
        "AgenteImitacion.Policy.Entropy.mean": {
            "value": 1.5624504089355469,
            "min": 1.244760274887085,
            "max": 2.7496113777160645,
            "count": 31
        },
        "AgenteImitacion.Policy.ExtrinsicValueEstimate.mean": {
            "value": 0.31051740050315857,
            "min": 0.03786502778530121,
            "max": 0.7805511355400085,
            "count": 31
        },
        "AgenteImitacion.Policy.GailValueEstimate.mean": {
            "value": 4.137417793273926,
            "min": 2.854434013366699,
            "max": 6.621073246002197,
            "count": 31
        },
        "AgenteImitacion.Environment.EpisodeLength.mean": {
            "value": 449.3783783783784,
            "min": 164.95833333333334,
            "max": 1227.25,
            "count": 31
        },
        "AgenteImitacion.Losses.PolicyLoss.mean": {
            "value": 0.04174805255758353,
            "min": 0.03773673996468407,
            "max": 0.04903874365303565,
            "count": 31
        },
        "AgenteImitacion.Losses.ValueLoss.mean": {
            "value": 0.08403500838127607,
            "min": 0.015169793817282578,
            "max": 0.9287269419369598,
            "count": 31
        },
        "AgenteImitacion.Policy.LearningRate.mean": {
            "value": 0.00026337588470804244,
            "min": 0.00026337588470804244,
            "max": 0.0002993656539614487,
            "count": 31
        },
        "AgenteImitacion.Policy.Epsilon.mean": {
            "value": 0.1877919575,
            "min": 0.1877919575,
            "max": 0.19978855125,
            "count": 31
        },
        "AgenteImitacion.Policy.Beta.mean": {
            "value": 0.00044018059175,
            "min": 0.00044018059175,
            "max": 0.000498963901125,
            "count": 31
        },
        "AgenteImitacion.Policy.GAILPolicyEstimate.mean": {
            "value": 0.3603681986530622,
            "min": 0.35355696781885393,
            "max": 0.4977053114213049,
            "count": 31
        },
        "AgenteImitacion.Policy.GAILExpertEstimate.mean": {
            "value": 0.6483298271273573,
            "min": 0.4134808137392004,
            "max": 0.6970863729130988,
            "count": 31
        },
        "AgenteImitacion.Losses.GAILLoss.mean": {
            "value": 0.9636276945471763,
            "min": 0.8768128076020408,
            "max": 1.7046602689971526,
            "count": 31
        },
        "AgenteImitacion.Policy.GAILGradMagLoss.mean": {
            "value": 0.1873926973203197,
            "min": 0.12740985828214416,
            "max": 2.7761630631983283,
            "count": 31
        },
        "AgenteImitacion.Losses.PretrainingLoss.mean": {
            "value": 0.3837696674357479,
            "min": 0.382060618742424,
            "max": 0.7888521380567303,
            "count": 31
        },
        "AgenteImitacion.Environment.CumulativeReward.mean": {
            "value": 1.9995430865462238,
            "min": 1.9987020308826686,
            "max": 1.9998279126669298,
            "count": 31
        },
        "AgenteImitacion.Policy.ExtrinsicReward.mean": {
            "value": 1.9995430865462238,
            "min": 1.9987020308826686,
            "max": 1.9998279126669298,
            "count": 31
        },
        "AgenteImitacion.Policy.GailReward.mean": {
            "value": 26.399638499958176,
            "min": 10.352116958100776,
            "max": 81.87594366073608,
            "count": 31
        },
        "AgenteImitacion.IsTraining.mean": {
            "value": 1.0,
            "min": 1.0,
            "max": 1.0,
            "count": 31
        }
    },
    "metadata": {
        "timer_format_version": "0.1.0",
        "start_time_seconds": "1622769866",
        "python_version": "3.7.9 (tags/v3.7.9:13c94747c7, Aug 17 2020, 16:30:00) [MSC v.1900 64 bit (AMD64)]",
        "command_line_arguments": "C:\\Users\\felip\\OneDrive\\Desktop\\IAVFinal-Cuadra-Plaza\\venv\\Scripts\\mlagents-learn config/AgenteImitacion.yaml --run-id=AgenteImitacion --force",
        "mlagents_version": "0.22.0",
        "mlagents_envs_version": "0.22.0",
        "communication_protocol_version": "1.2.0",
        "pytorch_version": "1.7.0+cu110",
        "numpy_version": "1.18.5",
        "end_time_seconds": "1622770520"
    },
    "total": 654.1693640999999,
    "count": 1,
    "self": 0.00831289999996443,
    "children": {
        "run_training.setup": {
            "total": 0.01698679999999997,
            "count": 1,
            "self": 0.01698679999999997
        },
        "TrainerController.start_learning": {
            "total": 654.1440643999999,
            "count": 1,
            "self": 1.6364036999931386,
            "children": {
                "TrainerController._reset_env": {
                    "total": 8.606753300000001,
                    "count": 1,
                    "self": 6.407382300000002,
                    "children": {
                        "demo_to_buffer": {
                            "total": 2.1993709999999993,
                            "count": 2,
                            "self": 0.006715099999999197,
                            "children": {
                                "load_demonstration": {
                                    "total": 0.0247862000000012,
                                    "count": 2,
                                    "self": 0.02456350000000107,
                                    "children": {
                                        "read_file": {
                                            "total": 0.00022270000000013113,
                                            "count": 2,
                                            "self": 0.00022270000000013113
                                        }
                                    }
                                },
                                "make_demo_buffer": {
                                    "total": 2.167869699999999,
                                    "count": 2,
                                    "self": 0.5669519999998309,
                                    "children": {
                                        "steps_from_proto": {
                                            "total": 1.600917700000168,
                                            "count": 16792,
                                            "self": 1.0886662000002119,
                                            "children": {
                                                "_process_vector_observation": {
                                                    "total": 0.5122514999999561,
                                                    "count": 33584,
                                                    "self": 0.5122514999999561
                                                }
                                            }
                                        }
                                    }
                                }
                            }
                        }
                    }
                },
                "TrainerController.advance": {
                    "total": 643.8088898000069,
                    "count": 26699,
                    "self": 0.3738021000106073,
                    "children": {
                        "env_step": {
                            "total": 643.4350876999963,
                            "count": 26699,
                            "self": 476.342616799986,
                            "children": {
                                "SubprocessEnvManager._take_step": {
                                    "total": 166.72839650000094,
                                    "count": 26699,
                                    "self": 1.8957434000024023,