{
    "name": "root",
    "gauges": {
        "MoverHaciaObjetivo.Policy.Entropy.mean": {
            "value": 1.3064489364624023,
            "min": 1.3064489364624023,
            "max": 1.3815515041351318,
            "count": 10
        },
        "MoverHaciaObjetivo.Environment.EpisodeLength.mean": {
            "value": 18.701149425287355,
            "min": 16.688041594454074,
            "max": 19.170385395537526,
            "count": 10
        },
        "MoverHaciaObjetivo.Policy.ExtrinsicValueEstimate.mean": {
            "value": 0.8769020438194275,
            "min": 0.8650170564651489,
            "max": 0.9173890948295593,
            "count": 10
        },
        "MoverHaciaObjetivo.Environment.CumulativeReward.mean": {
            "value": 0.9784313725490196,
            "min": 0.9175050301810865,
            "max": 0.9963436928702011,
            "count": 10
        },
        "MoverHaciaObjetivo.Policy.ExtrinsicReward.mean": {
            "value": 0.9784313725490196,
            "min": 0.9175050301810865,
            "max": 0.9963436928702011,
            "count": 10
        },
        "MoverHaciaObjetivo.Losses.PolicyLoss.mean": {
            "value": 0.2508916268397124,
            "min": 0.24547225586611698,
            "max": 0.2528296027051459,
            "count": 10
        },
        "MoverHaciaObjetivo.Losses.ValueLoss.mean": {
            "value": 0.011835107220713683,
            "min": 0.00451882860839538,
            "max": 0.07223805519981769,
            "count": 10
        },
        "MoverHaciaObjetivo.Policy.LearningRate.mean": {
            "value": 0.00024296613012240737,
            "min": 0.00024296613012240737,
            "max": 0.000297067152977616,
            "count": 10
        },
        "MoverHaciaObjetivo.Policy.Epsilon.mean": {
            "value": 0.18098870370370368,
            "min": 0.18098870370370368,
            "max": 0.19902238400000002,
            "count": 10
        },
        "MoverHaciaObjetivo.Policy.Beta.mean": {
            "value": 0.00040684464814814817,
            "min": 0.00040684464814814817,
            "max": 0.0004952096816,
            "count": 10
        },
        "MoverHaciaObjetivo.IsTraining.mean": {
            "value": 1.0,
            "min": 1.0,
            "max": 1.0,
            "count": 10
        }
    },
    "metadata": {
        "timer_format_version": "0.1.0",
        "start_time_seconds": "1622500358",
        "python_version": "3.7.9 (tags/v3.7.9:13c94747c7, Aug 17 2020, 16:30:00) [MSC v.1900 64 bit (AMD64)]",
        "command_line_arguments": "C:\\Users\\felip\\OneDrive\\Desktop\\IAVFinal-Cuadra-Plaza\\venv\\Scripts\\mlagents-learn config/MoverHaciaObjetivo.yaml --initialize-from=Test1 --run-id=Test1 --force",
        "mlagents_version": "0.22.0",
        "mlagents_envs_version": "0.22.0",
        "communication_protocol_version": "1.2.0",
        "pytorch_version": "1.7.0+cu110",
        "numpy_version": "1.18.5",
        "end_time_seconds": "1622500607"
    },
    "total": 248.4453902,
    "count": 1,
    "self": 0.007316299999985176,
    "children": {
        "run_training.setup": {
            "total": 0.015158499999999964,
            "count": 1,
            "self": 0.015158499999999964
        },
        "TrainerController.start_learning": {
            "total": 248.4229154,
            "count": 1,
            "self": 0.9149061000003087,
            "children": {
                "TrainerController._reset_env": {
                    "total": 6.797264,
                    "count": 1,
                    "self": 6.797264
                },
                "TrainerController.advance": {
                    "total": 240.62879029999965,
                    "count": 8857,
                    "self": 0.10688740000045982,
                    "children": {
                        "env_step": {
                            "total": 240.5219028999992,
                            "count": 8857,
                            "self": 227.10065280000063,
                            "children": {
                                "SubprocessEnvManager._take_step": {
                                    "total": 13.324518699999723,
                                    "count": 8857,
                                    "self": 0.32485569999916386,
                                    "children": {
                                        "TorchPolicy.evaluate": {
                                            "total": 12.99966300000056,
                                            "count": 5041,
                                            "self": 2.691014800000781,
                                            "children": {
                                                "TorchPolicy.sample_actions": {
                                                    "total": 10.308648199999778,
                                                    "count": 5041,
                                                    "self": 10.308648199999778
                                                }
                                            }
                                        }
                                    }
                                },
                                "workers": {
                                    "total": 0.09673139999883063,
                                    "count": 8856,
                                    "self": 0.0,
                                    "children": {
                                        "worker_root": {
                                            "total": 241.69556839999873,
                                            "count": 8856,
                                            "is_parallel": true,
                                            "self": 200.84214209999897,
                                            "children": {
                                                "steps_from_proto": {
                                                    "total": 0.0003764999999997798,
                                                    "count": 1,
                                                    "is_parallel": true,
                                                    "self": 9.410000000009688e-05,
                                                    "children": {
                                                        "_process_vector_observation": {
                                                            "total": 0.0002823999999996829,
                                                            "count": 2,
                                                            "is_parallel": true,
                                                            "self": 0.0002823999999996829
                                                        }
                                                    }
                                                },
                                                "UnityEnvironment.step": {
                                                    "total": 40.853049799999766,
                                                    "count": 8856,
                                                    "is_parallel": true,
                                                    "self": 0.9101170999987502,
                                                    "children": {
                                                        "UnityEnvironment._generate_step_input": {
                                                            "total": 0.9291847999997387,
                                                            "count": 8856,
                                                            "is_parallel": true,
                                                            "self": 0.9291847999997387
                                                        },
                                                        "communicator.exchange": {
                                                            "total": 37.09920770000027,