{
    "name": "root",
    "gauges": {
        "PongML.Policy.Entropy.mean": {
            "value": 0.34131306409835815,
            "min": 0.2764202952384949,
            "max": 1.0985652208328247,
            "count": 156
        },
        "PongML.Environment.EpisodeLength.mean": {
            "value": 799.0,
            "min": 799.0,
            "max": 799.0,
            "count": 49
        },
        "PongML.Policy.ExtrinsicValueEstimate.mean": {
            "value": 0.4627749025821686,
            "min": -0.11450224369764328,
            "max": 0.4627749025821686,
            "count": 156
        },
        "PongML.Policy.GailValueEstimate.mean": {
            "value": 0.16447578370571136,
            "min": 0.0020126448944211006,
            "max": 0.3289378583431244,
            "count": 156
        },
        "PongML.Environment.CumulativeReward.mean": {
            "value": 34.76499938964844,
            "min": -23.582417488098145,
            "max": 38.16041501363119,
            "count": 156
        },
        "PongML.Policy.ExtrinsicReward.mean": {
            "value": 34.76499938964844,
            "min": -23.582417488098145,
            "max": 38.16041501363119,
            "count": 156
        },
        "PongML.Policy.GailReward.mean": {
            "value": 13.274211724599203,
            "min": 12.936050278799874,
            "max": 100.64044952392578,
            "count": 156
        },
        "PongML.IsTraining.mean": {
            "value": 1.0,
            "min": 1.0,
            "max": 1.0,
            "count": 156
        },
        "PongML.Losses.PolicyLoss.mean": {
            "value": 0.0997010708761712,
            "min": 0.09460129620631536,
            "max": 0.10655889538303018,
            "count": 48
        },
        "PongML.Losses.ValueLoss.mean": {
            "value": 0.11281955625613531,
            "min": 0.07402800922840834,
            "max": 0.20024315585692723,
            "count": 48
        },
        "PongML.Policy.LearningRate.mean": {
            "value": 6.96000768e-05,
            "min": 6.96000768e-05,
            "max": 0.00029520000159999994,
            "count": 48
        },
        "PongML.Policy.Epsilon.mean": {
            "value": 0.12319999999999999,
            "min": 0.12319999999999999,
            "max": 0.19840000000000002,
            "count": 48
        },
        "PongML.Policy.Beta.mean": {
            "value": 0.0011676800000000004,
            "min": 0.0011676800000000004,
            "max": 0.00492016,
            "count": 48
        },
        "PongML.Policy.GAILPolicyEstimate.mean": {
            "value": 0.27518255927165347,
            "min": 0.27518255927165347,
            "max": 0.4517711715698242,
            "count": 48
        },
        "PongML.Policy.GAILExpertEstimate.mean": {
            "value": 0.7214208730856577,
            "min": 0.5624188580513001,
            "max": 0.7214208730856577,
            "count": 48
        },
        "PongML.Losses.GAILLoss.mean": {
            "value": 0.731243449529012,
            "min": 0.731243449529012,
            "max": 1.2189038955370586,
            "count": 48
        },
        "PongML.Policy.GAILGradMagLoss.mean": {
            "value": 0.045936335934946934,
            "min": 0.02046245739484827,
            "max": 0.8192120891412099,
            "count": 48
        }
    },
    "metadata": {
        "timer_format_version": "0.1.0",
        "start_time_seconds": "1622738864",
        "python_version": "3.7.9 (tags/v3.7.9:13c94747c7, Aug 17 2020, 16:30:00) [MSC v.1900 64 bit (AMD64)]",
        "command_line_arguments": "C:\\Users\\felip\\OneDrive\\Desktop\\IAVFinal-Cuadra-Plaza\\venv\\Scripts\\mlagents-learn config/Pong.yaml --run-id=PongImitacion --force",
        "mlagents_version": "0.22.0",
        "mlagents_envs_version": "0.22.0",
        "communication_protocol_version": "1.2.0",
        "pytorch_version": "1.7.0+cu110",
        "numpy_version": "1.18.5",
        "end_time_seconds": "1622741503"
    },
    "total": 2639.7114262,
    "count": 1,
    "self": 0.004458899999917776,
    "children": {
        "run_training.setup": {
            "total": 0.015196899999999958,
            "count": 1,
            "self": 0.015196899999999958
        },
        "TrainerController.start_learning": {
            "total": 2639.6917704,
            "count": 1,
            "self": 1.9656240000326761,
            "children": {
                "TrainerController._reset_env": {
                    "total": 42.2427318,
                    "count": 1,
                    "self": 41.773279,
                    "children": {
                        "demo_to_buffer": {
                            "total": 0.4694527999999991,
                            "count": 1,
                            "self": 0.0012626999999980626,
                            "children": {
                                "load_demonstration": {
                                    "total": 0.005375299999997196,
                                    "count": 1,
                                    "self": 0.0052481999999969275,
                                    "children": {
                                        "read_file": {
                                            "total": 0.00012710000000026866,
                                            "count": 1,
                                            "self": 0.00012710000000026866
                                        }
                                    }
                                },
                                "make_demo_buffer": {
                                    "total": 0.46281480000000386,
                                    "count": 1,
                                    "self": 0.07847909999995295,
                                    "children": {
                                        "steps_from_proto": {
                                            "total": 0.3843357000000509,
                                            "count": 2376,
                                            "self": 0.1848350000003265,
                                            "children": {
                                                "_process_vector_observation": {
                                                    "total": 0.19950069999972442,
                                                    "count": 14256,
                                                    "self": 0.19950069999972442
                                                }
                                            }
                                        }
                                    }
                                }
                            }
                        }
                    }
                },
                "TrainerController.advance": {
                    "total": 2595.4155542999674,
                    "count": 39249,
                    "self": 0.5579768999850785,
                    "children": {
                        "env_step": {
                            "total": 2594.8575773999823,
                            "count": 39249,
                            "self": 2437.2907648999467,
                            "children": {
                                "SubprocessEnvManager._take_step": {
                                    "total": 157.07623180002747,
                                    "count": 39249,
                                    "self": 2.182983700006332,
                                    "children": {
                                        "TorchPolicy.evaluate": {
                                            "total": 154.89324810002114,
                                            "count": 39249,
                                            "self": 37.37659459999327,
                                            "children": {
                                                "TorchPolicy.sample_actions": {
                                                    "total": 117.51665350002787,