{
    "name": "root",
    "gauges": {
        "PongML.Policy.Entropy.mean": {
            "value": 0.7169855237007141,
            "min": 0.4783535897731781,
            "max": 1.097490906715393,
            "count": 59
        },
        "PongML.Environment.EpisodeLength.mean": {
            "value": 799.0,
            "min": 799.0,
            "max": 799.0,
            "count": 31
        },
        "PongML.Policy.ExtrinsicValueEstimate.mean": {
            "value": 0.16925710439682007,
            "min": -0.06505096703767776,
            "max": 0.21565300226211548,
            "count": 59
        },
        "PongML.Policy.GailValueEstimate.mean": {
            "value": 0.3705524504184723,
            "min": -0.009062538854777813,
            "max": 0.44647538661956787,
            "count": 59
        },
        "PongML.Environment.CumulativeReward.mean": {
            "value": 14.22633139292399,
            "min": -13.054250319798788,
            "max": 20.369581540425617,
            "count": 59
        },
        "PongML.Policy.ExtrinsicReward.mean": {
            "value": 14.22633139292399,
            "min": -13.054250319798788,
            "max": 20.369581540425617,
            "count": 59
        },
        "PongML.Policy.GailReward.mean": {
            "value": 31.35425313313802,
            "min": 21.415674527486164,
            "max": 78.16458892822266,
            "count": 59
        },
        "PongML.IsTraining.mean": {
            "value": 1.0,
            "min": 1.0,
            "max": 1.0,
            "count": 59
        },
        "PongML.Losses.PolicyLoss.mean": {
            "value": 0.09981869922536943,
            "min": 0.08864708946396907,
            "max": 0.10876574137351579,
            "count": 30
        },
        "PongML.Losses.ValueLoss.mean": {
            "value": 0.09849886421114207,
            "min": 0.03004867998055286,
            "max": 0.1276081531143023,
            "count": 30
        },
        "PongML.Policy.LearningRate.mean": {
            "value": 0.0002136000288,
            "min": 0.0002136000288,
            "max": 0.00029712000096,
            "count": 30
        },
        "PongML.Policy.Epsilon.mean": {
            "value": 0.1712,
            "min": 0.1712,
            "max": 0.19904000000000002,
            "count": 30
        },
        "PongML.Policy.Beta.mean": {
            "value": 0.0035628799999999996,
            "min": 0.0035628799999999996,
            "max": 0.004952096000000001,
            "count": 30
        },
        "PongML.Policy.GAILPolicyEstimate.mean": {
            "value": 0.40698609438207417,
            "min": 0.39518893645869363,
            "max": 0.46763109074698556,
            "count": 30
        },
        "PongML.Policy.GAILExpertEstimate.mean": {
            "value": 0.5947766629854838,
            "min": 0.5314380400710635,
            "max": 0.5953291592333052,
            "count": 30
        },
        "PongML.Losses.GAILLoss.mean": {
            "value": 1.1362948752774134,
            "min": 1.1079980500539144,
            "max": 1.3181877117686802,
            "count": 30
        },
        "PongML.Policy.GAILGradMagLoss.mean": {
            "value": 0.02282454806690415,
            "min": 0.016327259906878073,
            "max": 1.1975723993612661,
            "count": 30
        }
    },
    "metadata": {
        "timer_format_version": "0.1.0",
        "start_time_seconds": "1622677533",
        "python_version": "3.7.9 (tags/v3.7.9:13c94747c7, Aug 17 2020, 16:30:00) [MSC v.1900 64 bit (AMD64)]",
        "command_line_arguments": "C:\\Users\\felip\\OneDrive\\Desktop\\IAVFinal-Cuadra-Plaza\\venv\\Scripts\\mlagents-learn config/Pong.yaml --run-id=PongImitacion --force",
        "mlagents_version": "0.22.0",
        "mlagents_envs_version": "0.22.0",
        "communication_protocol_version": "1.2.0",
        "pytorch_version": "1.7.0+cu110",
        "numpy_version": "1.18.5",
        "end_time_seconds": "1622678125"
    },
    "total": 591.5700721,
    "count": 1,
    "self": 0.004685499999936837,
    "children": {
        "run_training.setup": {
            "total": 0.015359899999999982,
            "count": 1,
            "self": 0.015359899999999982
        },
        "TrainerController.start_learning": {
            "total": 591.5500267,
            "count": 1,
            "self": 1.5642523000010442,
            "children": {
                "TrainerController._reset_env": {
                    "total": 6.0842752,
                    "count": 1,
                    "self": 5.439090800000001,
                    "children": {
                        "demo_to_buffer": {
                            "total": 0.6451843999999998,
                            "count": 1,
                            "self": 0.0016252000000003264,
                            "children": {
                                "load_demonstration": {
                                    "total": 0.006727699999999892,
                                    "count": 1,
                                    "self": 0.006625299999999612,
                                    "children": {
                                        "read_file": {
                                            "total": 0.00010240000000028004,
                                            "count": 1,
                                            "self": 0.00010240000000028004
                                        }
                                    }
                                },
                                "make_demo_buffer": {
                                    "total": 0.6368314999999996,
                                    "count": 1,
                                    "self": 0.10499879999998463,
                                    "children": {
                                        "steps_from_proto": {
                                            "total": 0.5318327000000149,
                                            "count": 3110,
                                            "self": 0.25781299999996765,
                                            "children": {
                                                "_process_vector_observation": {
                                                    "total": 0.2740197000000473,
                                                    "count": 18660,
                                                    "self": 0.2740197000000473
                                                }
                                            }
                                        }
                                    }
                                }
                            }
                        }
                    }
                },
                "TrainerController.advance": {
                    "total": 583.814426599999,
                    "count": 24967,
                    "self": 0.3305775000038693,
                    "children": {
                        "env_step": {
                            "total": 583.4838490999952,
                            "count": 24967,
                            "self": 501.3653739999853,
                            "children": {
                                "SubprocessEnvManager._take_step": {
                                    "total": 81.84545080000757,
                                    "count": 24967,
                                    "self": 1.1941071000092904,
                                    "children": {
                                        "TorchPolicy.evaluate": {
                                            "total": 80.65134369999828,
                                            "count": 24967,
                                            "self": 22.65756539999837,
                                            "children": {
                                                "TorchPolicy.sample_actions": {
                                                    "total": 57.99377829999991,